{
    "loss": 1.0380889177322388,
    "accuracy": 0.602150559425354
}