{
    "loss": 0.3624473512172699,
    "accuracy": 0.8817204236984253
}